Workbook

Sheet Resumen
A2: Registro y seguimiento de actividades
A3: Actividades | C3: Ejecuciones | E3: Culminadas | G3: Avance promedio
A4: =COUNTA(Actividades!$A$2:$A$1000) -> 3 | C4: =COUNTA(Ejecuciones!$A$2:$A$1000) -> 3 | E4: =COUNTIF(Ejecuciones!$F$2:$F$1000,"Culminada") -> 3 | G4: =IFERROR(AVERAGE(Ejecuciones!$H$2:$H$1000),0) -> 1
A7: ejecucion_id | B7: actividad | C7: responsable | D7: estado | E7: fecha_prevista | F7: avance
A8: =Ejecuciones!A2 -> EJE-2026-0901-001 | B8: =IFERROR(VLOOKUP(Ejecuciones!B2,Actividades!$A$2:$H$1000,2,FALSE),"") -> Actualización mensual de publicaciones científicas | C8: =IFERROR(VLOOKUP(VLOOKUP(Ejecuciones!B2,Actividades!$A$2:$H$1000,6,FALSE),Integrantes!$A$2:$D$500,2,FALSE),"") -> Joselyn Lopez Ramirez | D8: =Ejecuciones!F2 -> Culminada | E8: =Ejecuciones!E2 -> 46273 | F8: =Ejecuciones!H2 -> 1
A9: =Ejecuciones!A3 -> EJE-2026-0911-002 | B9: =IFERROR(VLOOKUP(Ejecuciones!B3,Actividades!$A$2:$H$1000,2,FALSE),"") -> Actualización del Dashboard de revistas | C9: =IFERROR(VLOOKUP(VLOOKUP(Ejecuciones!B3,Actividades!$A$2:$H$1000,6,FALSE),Integrantes!$A$2:$D$500,2,FALSE),"") -> César Montoya | D9: =Ejecuciones!F3 -> Culminada | E9: =Ejecuciones!E3 -> 46276 | F9: =Ejecuciones!H3 -> 1
A10: =Ejecuciones!A4 -> EJE-2026-0911-003 | B10: =IFERROR(VLOOKUP(Ejecuciones!B4,Actividades!$A$2:$H$1000,2,FALSE),"") -> Actualización del Dashboard de congresos | C10: =IFERROR(VLOOKUP(VLOOKUP(Ejecuciones!B4,Actividades!$A$2:$H$1000,6,FALSE),Integrantes!$A$2:$D$500,2,FALSE),"") -> César Montoya | D10: =Ejecuciones!F4 -> Culminada | E10: =Ejecuciones!E4 -> 46276 | F10: =Ejecuciones!H4 -> 1

Sheet Integrantes
A1: integrante_id | B1: nombre | C1: cargo | D1: activo
A2: INT-001 | B2: Joselyn Lopez Ramirez | D2: Sí
A3: INT-002 | B3: César Montoya | D3: Sí

Sheet Actividades
A1: actividad_id | B1: nombre | C1: descripcion | D1: categoria | E1: periodicidad | F1: responsable_id | G1: prioridad | H1: activo
A2: ACT-001 | B2: Actualización mensual de publicaciones científicas | C2: Identificación, extracción y consolidación de publicaciones científicas con afiliación a la Universidad de Lima en Scopus, Web of Science y SciELO. | D2: Gestión de publicaciones científicas | E2: Mensual | F2: INT-001 | G2: Alta | H2: Sí
A3: ACT-002 | B3: Actualización del Dashboard de revistas | C3: Agregar y/o retirar registros de revistas. | D3: Gestión de información | E3: Semanal | F3: INT-002 | G3: Alta | H3: Sí
A4: ACT-003 | B4: Actualización del Dashboard de congresos | C4: Agregar nuevos registros de congresos. | D4: Gestión de información | E4: Semanal | F4: INT-002 | G4: Alta | H4: Sí

Sheet Ejecuciones
A1: ejecucion_id | B1: actividad_id | C1: periodo | D1: fecha_asignacion | E1: fecha_prevista | F1: estado | G1: fecha_culminacion | H1: avance_calculado | I1: resultado | J1: proxima_accion | K1: bloqueos | L1: evidencia
A2: EJE-2026-0901-001 | B2: ACT-001 | C2: 2026-09 | D2: 46266 | E2: 46273 | F2: Culminada | G2: 46269 | H2: =IFERROR(SUMIF(Seguimiento_Pasos!$A$2:$A$1000,A2,Seguimiento_Pasos!$F$2:$F$1000)/SUMIF(Seguimiento_Pasos!$A$2:$A$1000,A2,Seguimiento_Pasos!$E$2:$E$1000),0) -> 1 | I2: Identificación y validación de los autores con afiliación Ulima en las publicaciones recopiladas. | J2: Revisar el historial de publicaciones de los autores para complementar y validar su identificación. | K2: Solicitar información a las unidades correspondientes para completar datos no identificados. | L2: Reporte por correo de publicaciones nuevas y autores Ulima identificados en agosto.
A3: EJE-2026-0911-002 | B3: ACT-002 | C3: 2026-S37 | D3: 46276 | E3: 46276 | F3: Culminada | G3: 46276 | H3: =IFERROR(SUMIF(Seguimiento_Pasos!$A$2:$A$1000,A3,Seguimiento_Pasos!$F$2:$F$1000)/SUMIF(Seguimiento_Pasos!$A$2:$A$1000,A3,Seguimiento_Pasos!$E$2:$E$1000),0) -> 1 | J3: Verificación de la visualización de nuevas revistas en el dashboard. | L3: Excel de registro de revistas evaluadas con datos actualizados.
A4: EJE-2026-0911-003 | B4: ACT-003 | C4: 2026-S37 | D4: 46276 | E4: 46276 | F4: Culminada | G4: 46276 | H4: =IFERROR(SUMIF(Seguimiento_Pasos!$A$2:$A$1000,A4,Seguimiento_Pasos!$F$2:$F$1000)/SUMIF(Seguimiento_Pasos!$A$2:$A$1000,A4,Seguimiento_Pasos!$E$2:$E$1000),0) -> 1 | J4: Verificación de la visualización de nuevos congresos en el dashboard. | L4: Excel de lista de congresos evaluados con datos actualizados.

Sheet Pasos
A1: paso_id | B1: actividad_id | C1: orden | D1: nombre_paso | E1: peso | F1: activo
A2: PAS-001 | B2: ACT-001 | C2: 1 | D2: Búsqueda de publicaciones con afiliación Universidad de Lima en Scopus, Web of Science y SciELO | E2: 0.05 | F2: Sí
A3: PAS-002 | B3: ACT-001 | C3: 2 | D3: Selección de metadatos a exportar por base de datos | E3: 0.02 | F3: Sí
A4: PAS-003 | B4: ACT-001 | C4: 3 | D4: Exportación de metadatos en archivo CSV | E4: 0.03 | F4: Sí
A5: PAS-004 | B5: ACT-001 | C5: 4 | D5: Importación de metadatos al dataset de publicaciones Ulima | E5: 0.05 | F5: Sí
A6: PAS-005 | B6: ACT-001 | C6: 5 | D6: Revisión manual de publicaciones no repetidas | E6: 0.05 | F6: Sí
A7: PAS-006 | B7: ACT-001 | C7: 6 | D7: Identificación de duplicados no detectados por diferencias de caracteres | E7: 0.1 | F7: Sí
A8: PAS-007 | B8: ACT-001 | C8: 7 | D8: Consolidación y asignación de IDs según la base de indexación | E8: 0.1 | F8: Sí
A9: PAS-008 | B9: ACT-001 | C9: 8 | D9: Integración de metadatos variables de Scopus | E9: 0.1 | F9: Sí
A10: PAS-009 | B10: ACT-001 | C10: 9 | D10: Integración de metadatos variables de Web of Science | E10: 0.1 | F10: Sí
A11: PAS-010 | B11: ACT-001 | C11: 10 | D11: Integración de metadatos variables de SciELO | E11: 0.05 | F11: Sí
A12: PAS-011 | B12: ACT-001 | C12: 11 | D12: Seguimiento de publicaciones AIP (Article in press) | E12: 0.05 | F12: Sí
A13: PAS-012 | B13: ACT-001 | C13: 12 | D13: Registro de datos del autor Ulima y asignación a la dependencia correspondiente | E13: 0.3 | F13: Sí
... A21: PAS-020 | B21: ACT-003 | C21: 4 | D21: Verificar la visualización en el dashboard | E21: 0.2 | F21: Sí

Sheet Seguimiento_Pasos
A1: ejecucion_id | B1: paso_id | C1: estado_paso | D1: porcentaje_paso | E1: peso_paso | F1: avance_ponderado | G1: fecha_inicio | H1: fecha_fin | I1: observacion
A2: EJE-2026-0901-001 | B2: PAS-001 | C2: Completado | D2: 1 | E2: =IFERROR(VLOOKUP(B2,Pasos!$A$2:$E$1000,5,FALSE),0) -> 0.05 | F2: =D2*E2 -> 0.05
A3: EJE-2026-0901-001 | B3: PAS-002 | C3: Completado | D3: 1 | E3: =IFERROR(VLOOKUP(B3,Pasos!$A$2:$E$1000,5,FALSE),0) -> 0.02 | F3: =D3*E3 -> 0.02
A4: EJE-2026-0901-001 | B4: PAS-003 | C4: Completado | D4: 1 | E4: =IFERROR(VLOOKUP(B4,Pasos!$A$2:$E$1000,5,FALSE),0) -> 0.03 | F4: =D4*E4 -> 0.03
A5: EJE-2026-0901-001 | B5: PAS-004 | C5: Completado | D5: 1 | E5: =IFERROR(VLOOKUP(B5,Pasos!$A$2:$E$1000,5,FALSE),0) -> 0.05 | F5: =D5*E5 -> 0.05
A6: EJE-2026-0901-001 | B6: PAS-005 | C6: Completado | D6: 1 | E6: =IFERROR(VLOOKUP(B6,Pasos!$A$2:$E$1000,5,FALSE),0) -> 0.05 | F6: =D6*E6 -> 0.05
A7: EJE-2026-0901-001 | B7: PAS-006 | C7: Completado | D7: 1 | E7: =IFERROR(VLOOKUP(B7,Pasos!$A$2:$E$1000,5,FALSE),0) -> 0.1 | F7: =D7*E7 -> 0.1
A8: EJE-2026-0901-001 | B8: PAS-007 | C8: Completado | D8: 1 | E8: =IFERROR(VLOOKUP(B8,Pasos!$A$2:$E$1000,5,FALSE),0) -> 0.1 | F8: =D8*E8 -> 0.1
A9: EJE-2026-0901-001 | B9: PAS-008 | C9: Completado | D9: 1 | E9: =IFERROR(VLOOKUP(B9,Pasos!$A$2:$E$1000,5,FALSE),0) -> 0.1 | F9: =D9*E9 -> 0.1
A10: EJE-2026-0901-001 | B10: PAS-009 | C10: Completado | D10: 1 | E10: =IFERROR(VLOOKUP(B10,Pasos!$A$2:$E$1000,5,FALSE),0) -> 0.1 | F10: =D10*E10 -> 0.1
A11: EJE-2026-0901-001 | B11: PAS-010 | C11: Completado | D11: 1 | E11: =IFERROR(VLOOKUP(B11,Pasos!$A$2:$E$1000,5,FALSE),0) -> 0.05 | F11: =D11*E11 -> 0.05
A12: EJE-2026-0901-001 | B12: PAS-011 | C12: Completado | D12: 1 | E12: =IFERROR(VLOOKUP(B12,Pasos!$A$2:$E$1000,5,FALSE),0) -> 0.05 | F12: =D12*E12 -> 0.05
A13: EJE-2026-0901-001 | B13: PAS-012 | C13: Completado | D13: 1 | E13: =IFERROR(VLOOKUP(B13,Pasos!$A$2:$E$1000,5,FALSE),0) -> 0.3 | F13: =D13*E13 -> 0.3
... A21: EJE-2026-0911-003 | B21: PAS-020 | C21: Completado | D21: 1 | E21: =IFERROR(VLOOKUP(B21,Pasos!$A$2:$E$1000,5,FALSE),0) -> 0.2 | F21: =D21*E21 -> 0.2

Sheet Participantes
A1: actividad_id | B1: integrante_id | C1: rol
A2: ACT-001 | B2: INT-001 | C2: Responsable
A3: ACT-001 | B3: INT-002 | C3: Participante
A4: ACT-002 | B4: INT-002 | C4: Responsable
A5: ACT-003 | B5: INT-002 | C5: Responsable

Sheet Catalogos
A1: estado_ejecucion | B1: estado_paso | C1: prioridad | D1: periodicidad
A2: No iniciada | B2: Pendiente | C2: Baja | D2: Diaria
A3: En curso | B3: En progreso | C3: Media | D3: Semanal
A4: Bloqueada | B4: Bloqueado | C4: Alta | D4: Mensual
A5: Culminada | B5: Completado | D5: Bimensual
D6: Trimestral
D7: Semestral
D8: Annual
D9: No aplica

Sheet Guia
A2: Cómo usar el modelo
A4: Orden | B4: Registro recomendado
A5: 1 | B5: Crear o actualizar al integrante en Integrantes.
A6: 2 | B6: Definir la actividad una sola vez en Actividades.
A7: 3 | B7: Registrar los pasos variables de la actividad en Pasos. La suma de pesos debe ser 100%.
A8: 4 | B8: Crear una fila en Ejecuciones cada vez que la actividad se realice.
A9: 5 | B9: Crear una fila por paso en Seguimiento_Pasos y actualizar porcentaje_paso. El avance global se calcula automáticamente.
A12: Tabla | B12: Clave principal | C12: Se relaciona con | D12: Uso en la API / React
A13: Integrantes | B13: integrante_id | C13: Actividades y Participantes | D13: Catálogo de personas
A14: Actividades | B14: actividad_id | C14: Ejecuciones, Pasos y Participantes | D14: Definición reusable de cada actividad
A15: Ejecuciones | B15: ejecucion_id | C15: Seguimiento_Pasos | D15: Instancia temporal e histórico
A16: Pasos | B16: paso_id | C16: Seguimiento_Pasos | D16: Flujo configurable por actividad
A17: Seguimiento_Pasos | B17: ejecucion_id + paso_id | C17: Ejecuciones y Pasos | D17: Estado y porcentaje de cada paso
A18: Participantes | B18: actividad_id + integrante_id | C18: Actividades e Integrantes | D18: Relación de muchos a muchos
A19: Catalogos | B19: valor | C19: Campos categóricos | D19: Valores permitidos para validación
A22: Regla | B22: Definición
A23: Avance de paso | B23: Valor editable entre 0% y 100%.
A24: Avance ponderado | B24: porcentaje_paso × peso_paso
A25: Avance de ejecución | B25: suma de avances ponderados ÷ suma de pesos de los pasos de la ejecución
A28: Nota para integración: consumir las tablas por sus IDs estables. Los nombres son atributos editables y no deben usarse como llaves. Las actividades periódicas generan nuevas ejecuciones sin duplicar su definición ni sus pasos.
A31: Los cuatro pasos de ACT-002 y ACT-003 son una propuesta basada en las descripciones del archivo original. El equipo debe confirmar sus nombres y pesos antes de usarlos como flujo oficial.
